individuo,poblacion,locus1,locus2,locus3,locus4,locus5
IND01,Norte,A/A,C/C,G/G,T/T,G/G
IND02,Norte,A/G,C/C,G/A,T/T,G/C
IND03,Norte,A/A,C/T,NA,T/C,G/G
IND04,Norte,A/G,C/C,G/G,T/T,G/C
IND05,Norte,A/A,C/C,NA,T/T,G/G
IND06,Norte,A/G,C/T,G/A,T/C,G/C
IND07,Norte,A/A,C/C,G/G,T/T,NA
IND08,Norte,A/G,C/T,G/G,T/T,G/G
IND09,Centro,A/G,C/T,G/A,T/C,G/C
IND10,Centro,A/A,C/C,G/G,T/T,G/G
IND11,Centro,A/G,C/T,NA,T/C,G/C
IND12,Centro,A/A,C/C,G/A,T/T,G/G
IND13,Centro,A/G,C/C,G/G,NA,G/C
IND14,Centro,A/A,C/T,G/A,T/C,G/G
IND15,Centro,A/G,C/C,G/G,T/T,NA
IND16,Centro,A/A,C/T,G/G,T/T,G/C
IND17,Sur,A/G,C/T,G/A,T/C,G/C
IND18,Sur,A/G,C/T,G/A,T/C,G/G
IND19,Sur,A/A,C/C,NA,T/T,G/C
IND20,Sur,A/G,C/T,G/G,T/C,G/G
IND21,Sur,A/A,C/T,G/A,NA,G/C
IND22,Sur,A/G,C/C,G/A,T/C,G/G
IND23,Sur,A/A,C/T,NA,T/T,G/C
IND24,Sur,A/G,C/C,G/G,T/T,G/G
IND25,Este,A/A,C/C,G/G,T/T,G/G
IND26,Este,A/G,C/C,G/A,T/T,G/C
IND27,Este,A/A,C/T,G/G,T/C,NA
IND28,Este,A/G,C/T,NA,T/T,G/C
IND29,Este,A/A,C/C,G/A,T/T,G/G
IND30,Este,A/G,C/T,G/G,T/C,G/C
IND31,Este,A/A,C/C,G/A,NA,G/G
IND32,Este,A/G,C/T,G/G,T/T,G/C
